{
    "0": {
        "up": -2.438686594938522,
        "down": -2.0305499361426977,
        "left": -2.4190190256552735,
        "right": -1.1335633345835747
    },
    "1": {
        "up": -2.4658171875,
        "down": -2.338245774141104,
        "left": -2.402860653767892,
        "right": -1.3406461379739367
    },
    "2": {
        "up": -2.5881202333378983,
        "down": -2.753015557336129,
        "left": -2.4407588977532484,
        "right": -1.5881829958062
    },
    "3": {
        "up": -3.023516232057171,
        "down": -3.0131479586738283,
        "left": -2.808903253915367,
        "right": -1.703277193072632
    },
    "4": {
        "up": -2.71115974118453,
        "down": -1.413967333372347,
        "left": -2.6560913943091604,
        "right": -2.1797899512127565
    },
    "5": {
        "up": -3.2003197077960746,
        "down": -2.9697491816147497,
        "left": -3.1763053293263006,
        "right": -2.9580290802507196
    },
    "6": {
        "up": -4.172807991560841,
        "down": -4.179769287132638,
        "left": -4.028094465802736,
        "right": -4.104470768228223
    },
    "7": {
        "up": -3.818324132438632,
        "down": -3.8331875081986277,
        "left": -3.770167152445422,
        "right": -3.564708205071284
    },
    "8": {
        "up": -4.1001524948347505,
        "down": -3.9985351057553693,
        "left": -4.302038776540654,
        "right": -3.6100516024309695
    },
    "9": {
        "up": -4.23431133036364,
        "down": -3.708805785701864,
        "left": -4.237248622343621,
        "right": -4.218503500096306
    },
    "10": {
        "up": -3.0166270390625005,
        "down": -3.1213624023792965,
        "left": -3.0504344078925785,
        "right": -3.3221906713359424
    },
    "11": {
        "up": -2.6222167323803887,
        "down": -2.671066986310828,
        "left": -2.8336555407484663,
        "right": -2.4650981952704036
    },
    "12": {
        "up": -2.9133461309287814,
        "down": -3.1224338018671878,
        "left": -3.0473361937842296,
        "right": -3.1605925193492235
    },
    "13": {
        "up": -3.3941935782119677,
        "down": -3.4356273726726787,
        "left": -3.358515970517578,
        "right": -3.5880925193492237
    },
    "14": {
        "up": -2.938820281724608,
        "down": -2.689884342926836,
        "left": -2.686105547253611,
        "right": -1.4938441840343297
    },
    "15": {
        "up": -3.28427610379688,
        "down": -1.8841787044938698,
        "left": -3.2162401711731805,
        "right": -2.7925638061386655
    },
    "16": {
        "up": -3.417451132835559,
        "down": -2.46758498785914,
        "left": -3.3657956871093755,
        "right": -1.4066345982415236
    },
    "17": {
        "up": -2.6984466925458497,
        "down": -2.080962675680005,
        "left": -3.5138402689686794,
        "right": -2.5840668386803847
    },
    "18": {
        "up": -3.174931286119043,
        "down": -3.270971425691029,
        "left": -3.1616778694989254,
        "right": -2.988838558668298
    },
    "19": {
        "up": -3.5616919996863503,
        "down": -3.074230122854849,
        "left": -3.492954960092381,
        "right": -3.487597304662669
    },
    "20": {
        "up": -3.470511374864244,
        "down": -3.438752784104935,
        "left": -3.4093699733203677,
        "right": -3.3787372327591068
    },
    "21": {
        "up": -2.979976937109375,
        "down": -3.1239974917076285,
        "left": -3.018146662569336,
        "right": -2.970933898138741
    },
    "22": {
        "up": -3.1321525147354006,
        "down": -2.8795804798321942,
        "left": -3.2757142568349615,
        "right": -3.1592471974259846
    },
    "23": {
        "up": -3.2399777951162116,
        "down": -3.236484556636282,
        "left": -3.4562539514986304,
        "right": -3.315639040415636
    },
    "24": {
        "up": -3.465178123792162,
        "down": -3.28541261397058,
        "left": -3.1781148733446924,
        "right": -3.1865878151421043
    },
    "25": {
        "up": -2.654073956989661,
        "down": -1.9344148291147607,
        "left": -2.3908699532116984,
        "right": -1.294458192656308
    },
    "26": {
        "up": -1.8556398620268935,
        "down": -2.624074580546842,
        "left": -2.8362271221182134,
        "right": -2.3434038842091933
    },
    "27": {
        "up": -2.605368731850156,
        "down": -1.391385896644139,
        "left": -3.1895647877949216,
        "right": -3.2180842386492405
    },
    "28": {
        "up": -3.0166270390625005,
        "down": -3.1921078886801393,
        "left": -3.1128800111328125,
        "right": -2.9082678191590445
    },
    "29": {
        "up": -3.4114286386158796,
        "down": -3.175187941639261,
        "left": -3.5881581669772125,
        "right": -3.648323901271759
    },
    "30": {
        "up": -3.5612487709552676,
        "down": -3.2767794396721017,
        "left": -3.3858239677539546,
        "right": -3.4791532625474733
    },
    "31": {
        "up": -3.022817807391,
        "down": -3.095664368353156,
        "left": -3.1900517882163064,
        "right": -2.9675632959107032
    },
    "32": {
        "up": -2.994295499460943,
        "down": -2.501946682651958,
        "left": -2.8729281307119634,
        "right": -2.90242228270313
    },
    "33": {
        "up": -2.7698119449185525,
        "down": -2.6732998296875,
        "left": -2.9043510118740237,
        "right": -2.992102022458887
    },
    "34": {
        "up": -3.1346902629101567,
        "down": -2.868520506834961,
        "left": -2.8370149338803685,
        "right": -3.0930995650979263
    },
    "35": {
        "up": -3.3331524141159674,
        "down": -3.0120582915216887,
        "left": -3.0561628948129886,
        "right": -3.043565803751023
    },
    "36": {
        "up": -3.1809850378752618,
        "down": -2.543963434537879,
        "left": -3.023522180019696,
        "right": -3.1509583765569027
    },
    "37": {
        "up": -2.8638809027539067,
        "down": -1.4914948067682003,
        "left": -3.0458048443783428,
        "right": -3.042704050895022
    },
    "38": {
        "up": -2.53964792616211,
        "down": -2.946867125017485,
        "left": -2.8199402164441634,
        "right": -2.8049940500108423
    },
    "39": {
        "up": -3.322893373240137,
        "down": -2.9842252061398837,
        "left": -3.382930156014112,
        "right": -3.312690523214136
    },
    "40": {
        "up": -3.070653086455173,
        "down": -3.0450801583900216,
        "left": -3.026020750390625,
        "right": -2.963485730878906
    },
    "41": {
        "up": -2.5067562166015627,
        "down": -2.5013850934370123,
        "left": -2.4794259078125,
        "right": -2.2449414527343747
    },
    "42": {
        "up": -2.1938865437961184,
        "down": -1.987637120317383,
        "left": -1.7803263666600593,
        "right": -2.0913773766215824
    },
    "43": {
        "up": -2.24295609375,
        "down": -2.2623006171875,
        "left": -2.10330454129688,
        "right": -2.3374793311283106
    },
    "44": {
        "up": -2.4707660530447293,
        "down": -2.2642804765625,
        "left": -2.2584349562304693,
        "right": -2.6055805705546926
    },
    "45": {
        "up": -2.80300024962614,
        "down": -2.4971553703503595,
        "left": -2.327030407172601,
        "right": -2.5462242716611767
    },
    "46": {
        "up": -2.5867891388651367,
        "down": -2.031795625063662,
        "left": -2.4256074729860826,
        "right": -2.585552035261415
    },
    "47": {
        "up": -2.565916056992476,
        "down": -1.2715380102898868,
        "left": -2.4552102457274394,
        "right": -2.045173690468535
    },
    "48": {
        "up": -2.2171402867988284,
        "down": -1.9627727083602478,
        "left": -2.3495971611139064,
        "right": -2.095809430293999
    },