{
    "0": {
        "up": -1.9583954940884827,
        "down": -1.0231385078269253,
        "left": -1.9295756905887398,
        "right": -1.7485448365980005
    },
    "1": {
        "up": -1.921610719903885,
        "down": -1.450262502627256,
        "left": -2.064415161677474,
        "right": -1.1683712466451097
    },
    "2": {
        "up": -1.9631939369679268,
        "down": -1.0705386216833874,
        "left": -2.0813156611294743,
        "right": -1.4313182713347286
    },
    "3": {
        "up": -2.1988746933571495,
        "down": -1.7112784162477945,
        "left": -2.198552747713043,
        "right": -1.8763306448096122
    },
    "4": {
        "up": -2.7947329359302966,
        "down": -1.8993565820219158,
        "left": -2.922988692450654,
        "right": -2.923712177982329
    },
    "5": {
        "up": -2.0758314449475384,
        "down": -1.0082039489446597,
        "left": -2.3244503288295353,
        "right": -2.421800039382202
    },
    "6": {
        "up": -1.74985003002439,
        "down": -1.1007970461346455,
        "left": -1.3335852953824299,
        "right": -1.4599485398364427
    },
    "7": {
        "up": -2.3443876602207685,
        "down": -1.3274824392487197,
        "left": -2.0010660725722573,
        "right": -1.8100633936084405
    },
    "8": {
        "up": -3.21078327592986,
        "down": -3.376680484655133,
        "left": -3.2312272317820736,
        "right": -3.0259983189046666
    },
    "9": {
        "up": -2.3527782270606243,
        "down": -2.4368960924047305,
        "left": -2.4106616057133485,
        "right": -2.3085393416542983
    },
    "10": {
        "up": -2.2221283302056136,
        "down": -1.1400451517340024,
        "left": -2.0483605370859443,
        "right": -1.6437370321666
    },
    "11": {
        "up": -2.060880681592942,
        "down": -1.269355730201133,
        "left": -2.0294527891436522,
        "right": -1.5545261616194765
    },
    "12": {
        "up": -2.0679522704586666,
        "down": -1.1980681304392746,
        "left": -1.7636201676090377,
        "right": -1.4961652490607737
    },
    "13": {
        "up": -2.49415776238342,
        "down": -2.6599647414809517,
        "left": -2.703067465701274,
        "right": -2.657147703911429
    },
    "14": {
        "up": -2.6949412089466485,
        "down": -2.6055287312446764,
        "left": -2.308734600781662,
        "right": -2.7884478090376836
    },
    "15": {
        "up": -2.5240943941002634,
        "down": -1.3548221597955408,
        "left": -2.566884058721132,
        "right": -2.21402807933138
    },
    "16": {
        "up": -2.329794168098414,
        "down": -1.7422601069073569,
        "left": -1.7995608498674318,
        "right": -1.3832115709378425
    },
    "17": {
        "up": -2.2666827709704718,
        "down": -1.7989324012945838,
        "left": -1.259435159863909,
        "right": -1.0433060013903832
    },
    "18": {
        "up": -1.860998331408693,
        "down": -1.4909388527089025,
        "left": -1.8265354940302483,
        "right": -1.3428450592282575
    },
    "19": {
        "up": 8.86822994680022,
        "down": 9.999999999999323,
        "left": 7.997720077237334,
        "right": 7.9338679176537035
    },
    "20": {
        "up": -2.3956147297861583,
        "down": -3.5033584536086897,
        "left": -3.173501898458291,
        "right": -1.028995374615107
    },
    "21": {
        "up": -2.169063208834223,
        "down": -2.1897519129052787,
        "left": -2.0177674316866208,
        "right": -1.0529214077856182
    },
    "22": {
        "up": -2.163260317855669,
        "down": -2.4315531276988893,
        "left": -2.182429850827243,
        "right": -1.1188646831351132
    },
    "23": {
        "up": 8.54001748293941,
        "down": 7.996346599337107,
        "left": 8.00147632931425,
        "right": 9.999999999999979
    },
    "24": {
        "up": 0,
        "down": 0,
        "left": 0,
        "right": 0
    },
    "metadata": {
        "N": 5,
        "episodes_trained": 1549
    }
}