{
    "0": {
        "up": -0.985125,
        "down": -0.6673709194921873,
        "left": -1.007625,
        "right": -0.6507268593750001
    },
    "1": {
        "up": -0.5,
        "down": -0.18549375,
        "left": -0.75,
        "right": -0.142625
    },
    "2": {
        "up": -0.5,
        "down": -0.05,
        "left": -0.7725,
        "right": -0.5
    },
    "3": {
        "up": -0.5,
        "down": -0.5475,
        "left": -0.5225,
        "right": -0.30166270390625005
    },
    "4": {
        "up": -0.5,
        "down": -0.5,
        "left": -0.5,
        "right": -0.3697505902753907
    },
    "5": {
        "up": 0,
        "down": 4.012630607616211,
        "left": 0,
        "right": 0
    },
    "6": {
        "up": -0.5,
        "down": -0.5225,
        "left": -0.5,
        "right": -0.5475
    },
    "7": {
        "up": -0.5,
        "down": -0.5,
        "left": -0.5,
        "right": 0.5
    },
    "8": {
        "up": 0,
        "down": 0,
        "left": 0,
        "right": 0
    }
}