{
    "0": {
        "up": -1.9546043548470435,
        "down": -1.0002485301666175,
        "left": -1.9051122961479217,
        "right": -1.0048991184174958
    },
    "1": {
        "up": -1.9718139332430573,
        "down": -1.6852764455032514,
        "left": -1.9753095215042973,
        "right": -1.409630005600412
    },
    "2": {
        "up": -2.016139982683578,
        "down": -1.8223486603542838,
        "left": -1.956128838773442,
        "right": -1.5232362593733049
    },
    "3": {
        "up": -2.108885474443472,
        "down": -1.9146111558555619,
        "left": -2.063056278534563,
        "right": -1.0745166341939671
    },
    "4": {
        "up": -2.3413244708490106,
        "down": -2.2185396036058482,
        "left": -1.8913796879247995,
        "right": -1.1196543284654523
    },
    "5": {
        "up": -2.528119768434727,
        "down": -2.502975245259258,
        "left": -2.619373547946181,
        "right": -1.2974893763811934
    },
    "6": {
        "up": -2.9397822344872404,
        "down": -2.66860827627814,
        "left": -2.526803020566199,
        "right": -1.3283399445629986
    },
    "7": {
        "up": -2.062939137651706,
        "down": -1.5551575381327347,
        "left": -2.0717811934762467,
        "right": -1.054380869508612
    },
    "8": {
        "up": -2.4730183427060592,
        "down": -1.8680235367235691,
        "left": -2.0566315335192424,
        "right": -1.1781622718230467
    },
    "9": {
        "up": -2.8175386752000495,
        "down": -1.0463853940457994,
        "left": -1.873871959898949,
        "right": -2.4341140807031683
    },
    "10": {
        "up": -2.0707109155655306,
        "down": -1.575756359282698,
        "left": -2.409755687681999,
        "right": -1.8783679003903955
    },
    "11": {
        "up": -1.5060654372768276,
        "down": -1.9183821555999783,
        "left": -1.7794630073703188,
        "right": -1.0618039241675827
    },
    "12": {
        "up": -1.9083154999411707,
        "down": -1.2743448718935761,
        "left": -2.262364359012981,
        "right": -1.838020804767398
    },
    "13": {
        "up": -1.153433935994732,
        "down": -1.8458383587956781,
        "left": -2.5834498878374115,
        "right": -2.325014188321565
    },
    "14": {
        "up": -1.9868989004682438,
        "down": -2.287317786068743,
        "left": -1.541534840720026,
        "right": -2.5023512050258967
    },
    "15": {
        "up": -2.423873455683872,
        "down": -2.40714429684933,
        "left": -2.3972832088989167,
        "right": -1.769053325678699
    },
    "16": {
        "up": -1.6793961278640785,
        "down": -1.414340559139878,
        "left": -2.1800666463924356,
        "right": -1.645414200438441
    },
    "17": {
        "up": -2.2712121753293864,
        "down": -2.567053673173614,
        "left": -2.210467120724992,
        "right": -2.5613826807008007
    },
    "18": {
        "up": -2.655875433944853,
        "down": -2.579494308671409,
        "left": -2.5039615566078357,
        "right": -2.52215473458174
    },
    "19": {
        "up": -3.9543677724795567,
        "down": -1.2122187915406173,
        "left": -2.629144021978483,
        "right": -3.6759033290493535
    },
    "20": {
        "up": -2.491671895097938,
        "down": -2.1715148520090066,
        "left": -2.401950209553732,
        "right": -1.1209068630784444
    },
    "21": {
        "up": -1.481437625310461,
        "down": -1.568363370073083,
        "left": -2.0057808598894256,
        "right": -1.2318168082097154
    },
    "22": {
        "up": -1.6625218647568172,
        "down": -1.3530078377359436,
        "left": -2.211789178164554,
        "right": -1.077333552910539
    },
    "23": {
        "up": -1.7469059577050627,
        "down": -2.162776170399715,
        "left": -2.101234551950757,
        "right": -2.1381506434373385
    },
    "24": {
        "up": -1.0512724063440135,
        "down": -1.9704044085806365,
        "left": -1.9630713322301347,
        "right": -1.458450224887747
    },
    "25": {
        "up": -2.0861709047743204,
        "down": -2.363147886584815,
        "left": -2.368547777956719,
        "right": -1.7755549377386308
    },
    "26": {
        "up": -2.1224121773110727,
        "down": -1.5782115849275322,
        "left": -2.276950606020071,
        "right": -1.3119054712572726
    },
    "27": {
        "up": -1.0991037879612353,
        "down": -1.9179113585744203,
        "left": -1.967077017691888,
        "right": -1.0013377730899333
    },
    "28": {
        "up": -1.625499164678595,
        "down": -1.7119492699235006,
        "left": -1.56435574601007,
        "right": -1.3164556328916674
    },
    "29": {
        "up": -2.5933352701093377,
        "down": -1.0002161938751923,
        "left": -2.6340249444903243,
        "right": -1.9812902020474887
    },
    "30": {
        "up": -1.3550980945823903,
        "down": -2.0315646619537535,
        "left": -2.0544688502943185,
        "right": -1.6281752855858924
    },
    "31": {
        "up": -1.9460237894533488,
        "down": -2.043522783654635,
        "left": -2.197829427100263,
        "right": -1.5038501625583502
    },
    "32": {
        "up": -1.549296824454523,
        "down": -1.820950969289173,
        "left": -1.5815785343320745,
        "right": -1.4314151076921469
    },
    "33": {
        "up": -1.4312565268597481,
        "down": -1.4372859485064575,
        "left": -1.9808122631526683,
        "right": -1.2194846443806424
    },
    "34": {
        "up": -1.425266162910851,
        "down": -2.074134919294325,
        "left": -2.1997155131241053,
        "right": -1.7114407371436156
    },
    "35": {
        "up": -1.299510811348033,
        "down": -1.4914725508017619,
        "left": -2.1318145887783,
        "right": -1.82930258819201
    },
    "36": {
        "up": -2.022978553333206,
        "down": -1.4982881093939737,
        "left": -1.7145413572902157,
        "right": -1.0321314755230528
    },
    "37": {
        "up": -1.8012526782059761,
        "down": -2.2295823260670105,
        "left": -2.0388532043005885,
        "right": -2.2014309415307896
    },
    "38": {
        "up": -2.3694850560064005,
        "down": -2.2635654061930373,
        "left": -2.439030349749658,
        "right": -2.078465655325685
    },
    "39": {
        "up": -3.986740092185027,
        "down": -1.267541768461971,
        "left": -1.4909916929296907,
        "right": -2.5024130074970588
    },
    "40": {
        "up": -1.1984448241802026,
        "down": -2.14994901004661,
        "left": -2.2760039505989216,
        "right": -1.792915726277347
    },
    "41": {
        "up": -2.7476647806212755,
        "down": -2.7454976301937677,
        "left": -2.525439445710921,
        "right": -2.431972095619674
    },
    "42": {
        "up": -1.6152607166980477,
        "down": -1.6741757161133934,
        "left": -1.9525232463934887,
        "right": -1.5539472817236057
    },
    "43": {
        "up": -2.281969852669995,
        "down": -2.1994117335304164,
        "left": -1.9063407519036115,
        "right": -1.9858871877019837
    },
    "44": {
        "up": -2.153697097115129,
        "down": -2.0352976908702383,
        "left": -2.019346964141408,
        "right": -2.13933644624493
    },
    "45": {
        "up": -1.5744542049350323,
        "down": -1.0307454828698535,
        "left": -1.7200393298385723,
        "right": -1.4526370694689434
    },
    "46": {
        "up": -1.815323933100724,
        "down": -1.502383286841273,
        "left": -1.7901052379399025,
        "right": -1.8334188701187935
    },
    "47": {
        "up": -2.0654965260309597,
        "down": -1.965377133190569,
        "left": -1.6781226180691426,
        "right": -2.010963033776499
    },
    "48": {
        "up": -2.4203980340117366,
        "down": -2.485912295620812,
        "left": -2.352195719389047,
        "right": -2.182631886963075
    },