{
    "0": {
        "up": -2.1143950695180607,
        "down": -1.3476027506623738,
        "left": -2.0082984242568793,
        "right": -1.0135669266045422
    },
    "1": {
        "up": -1.9012093191001047,
        "down": -1.8561625919992286,
        "left": -1.902338009717453,
        "right": -1.1349296482002973
    },
    "2": {
        "up": -2.0668839299254635,
        "down": -1.0578019160152476,
        "left": -2.316743595944508,
        "right": -2.1946144939645715
    },
    "3": {
        "up": -2.0644873093531633,
        "down": -1.085682155098448,
        "left": -2.1121892751187192,
        "right": -2.164062812853691
    },
    "4": {
        "up": -1.896647351509099,
        "down": -1.009728408865687,
        "left": -2.115714261705822,
        "right": -1.2533330636282964
    },
    "5": {
        "up": 8.004300614321558,
        "down": 9.999999997959353,
        "left": 8.859749030109745,
        "right": 7.891842605304163
    },
    "6": {
        "up": -2.238638296718289,
        "down": -2.1165647160924705,
        "left": -1.9370720718145829,
        "right": -1.6899091666907058
    },
    "7": {
        "up": 7.89625904919335,
        "down": 7.99432542608864,
        "left": 8.481236979346974,
        "right": 9.999999994007991
    },
    "8": {
        "up": 0,
        "down": 0,
        "left": 0,
        "right": 0
    }
}