{
    "0": {
        "up": -1.9169578846585424,
        "down": -1.0019032903239904,
        "left": -1.94008247739376,
        "right": -1.4500001739505677
    },
    "1": {
        "up": -1.9551146067238696,
        "down": -1.4563570196530176,
        "left": -1.9160669646593438,
        "right": -1.1969095135636265
    },
    "2": {
        "up": -2.19301176381823,
        "down": -1.41842038442993,
        "left": -2.0902502827223,
        "right": -1.0508080021580182
    },
    "3": {
        "up": -1.9185175025439318,
        "down": -1.5719592859029818,
        "left": -2.0269478298809505,
        "right": -1.1052588768207343
    },
    "4": {
        "up": -1.9355515596718837,
        "down": -1.2074363798979655,
        "left": -1.9835545545853244,
        "right": -1.0017297672128231
    },
    "5": {
        "up": -1.9933695840511034,
        "down": -1.064085807040009,
        "left": -1.9217962287591512,
        "right": -1.4690270206649148
    },
    "6": {
        "up": -4.356993518835451,
        "down": -4.1196637375489304,
        "left": -3.3152195529628283,
        "right": -2.886672375800524
    },
    "7": {
        "up": -3.2155502490803283,
        "down": -2.5993840459914956,
        "left": -3.2703476095081143,
        "right": -3.3110800087250203
    },
    "8": {
        "up": -4.250759893787431,
        "down": -2.58298990065557,
        "left": -3.3057312313256992,
        "right": -2.4677709949355764
    },
    "9": {
        "up": -5.061040187514944,
        "down": -4.802430365793415,
        "left": -5.094575495639123,
        "right": -4.903771389135404
    },
    "10": {
        "up": -1.9798999961866515,
        "down": -1.6153496248687844,
        "left": -2.018633068904683,
        "right": -1.1378293861018443
    },
    "11": {
        "up": -1.524370424001705,
        "down": -1.3560766096030115,
        "left": -1.6354602598972519,
        "right": -1.6623583487728575
    },
    "12": {
        "up": -1.0161329908429635,
        "down": -1.4536437293467914,
        "left": -1.8534452596217843,
        "right": -1.1622376968106622
    },
    "13": {
        "up": -1.9952035973245457,
        "down": -1.5447868320633238,
        "left": -2.136241369517971,
        "right": -1.6128407968106022
    },
    "14": {
        "up": -3.293409106926564,
        "down": -1.0383728914154127,
        "left": -1.8545101522891454,
        "right": -1.9424653828149587
    },
    "15": {
        "up": -2.1950642541551435,
        "down": -1.0086805357082773,
        "left": -1.5473290055226459,
        "right": -1.458648309431897
    },
    "16": {
        "up": -4.028247228476358,
        "down": -2.7956209068913243,
        "left": -3.8941461936724737,
        "right": -3.4443197138720856
    },
    "17": {
        "up": -4.5862720681321765,
        "down": -3.9025818781052966,
        "left": -4.767703718264488,
        "right": -4.66502365940801
    },
    "18": {
        "up": -3.2320094733514604,
        "down": -3.124214670345146,
        "left": -2.9095620430674707,
        "right": -3.0193440366533926
    },
    "19": {
        "up": -4.903433433890916,
        "down": -4.633396638627392,
        "left": -4.976921079774858,
        "right": -5.062521687464455
    },
    "20": {
        "up": -2.1608188993194997,
        "down": -1.3095663012629037,
        "left": -1.9871286330932396,
        "right": -1.4705619859709258
    },
    "21": {
        "up": -1.2422725379337796,
        "down": -1.0016180064467952,
        "left": -1.703228333569058,
        "right": -1.1665642577296895
    },
    "22": {
        "up": -1.6595983654530593,
        "down": -1.427571431170915,
        "left": -1.7016535318041304,
        "right": -1.5964731274357815
    },
    "23": {
        "up": -2.2639046821798914,
        "down": -2.082697475850582,
        "left": -1.6661178807522057,
        "right": -2.2889452903489684
    },
    "24": {
        "up": -3.2705874378291377,
        "down": -1.2825547366968233,
        "left": -2.0878438608726135,
        "right": -3.0200222266144583
    },
    "25": {
        "up": -2.132753971966233,
        "down": -1.1642487625655762,
        "left": -1.1868056212278306,
        "right": -1.0123178179021122
    },
    "26": {
        "up": -4.695201310276592,
        "down": -1.0990177018179437,
        "left": -4.261797026029909,
        "right": -2.422440460724092
    },
    "27": {
        "up": -5.45950456834286,
        "down": -5.549802326440815,
        "left": -4.8980159093057605,
        "right": -5.568466324862575
    },
    "28": {
        "up": -4.256078736675889,
        "down": -2.944343205495268,
        "left": -3.0364660085671105,
        "right": -4.527059239800144
    },
    "29": {
        "up": -4.753305242377468,
        "down": -4.524934269677261,
        "left": -4.467417469208332,
        "right": -4.670195724296358
    },
    "30": {
        "up": -2.4861778726220694,
        "down": -1.6187608486571312,
        "left": -2.6546841037737274,
        "right": -2.2197824645417965
    },
    "31": {
        "up": -2.233075683918175,
        "down": -1.4559232163261566,
        "left": -1.0760126244929826,
        "right": -1.3178965266742868
    },
    "32": {
        "up": -1.5729366066059622,
        "down": -1.135800731916735,
        "left": -1.7519778621734259,
        "right": -1.458234946422631
    },
    "33": {
        "up": -1.37786344843941,
        "down": -1.0335272590446198,
        "left": -1.8141721251635252,
        "right": -1.5922501578646435
    },
    "34": {
        "up": -1.8401028310156853,
        "down": -1.6913658827331899,
        "left": -2.3528710037356833,
        "right": -1.8285050140697958
    },
    "35": {
        "up": -1.5818402391088133,
        "down": -1.0162978584040054,
        "left": -1.3604194468984359,
        "right": -1.1873936898455704
    },
    "36": {
        "up": -2.694237415543804,
        "down": -1.8405729963501147,
        "left": -2.2810038869384988,
        "right": -1.3349759208187095
    },
    "37": {
        "up": -2.9297595712798374,
        "down": -2.81520462285701,
        "left": -3.292228274669906,
        "right": -1.1105455390351264
    },
    "38": {
        "up": -3.6395184761173507,
        "down": -3.69994272496895,
        "left": -3.9770341422824327,
        "right": -1.4227257094166188
    },
    "39": {
        "up": -5.083686408055772,
        "down": -1.4021333035013674,
        "left": -3.457158842677438,
        "right": -3.733798198546598
    },
    "40": {
        "up": -2.22025455231753,
        "down": -1.5453446615007045,
        "left": -2.179073278136319,
        "right": -1.3889051682393454
    },
    "41": {
        "up": -2.075204421652122,
        "down": -1.0477913574121698,
        "left": -1.4816140730003637,
        "right": -1.7747035262184099
    },
    "42": {
        "up": -2.2410518123829224,
        "down": -1.8911632704376227,
        "left": -2.3126803147377077,
        "right": -2.0565162861055035
    },
    "43": {
        "up": -1.7998582370864415,
        "down": -1.4310804278277947,
        "left": -1.6616277513532127,
        "right": -1.0517400220744502
    },
    "44": {
        "up": -2.0396664115757,
        "down": -1.0047251831808754,
        "left": -2.3211580555813507,
        "right": -1.5937616644530739
    },
    "45": {
        "up": -2.0446277387250666,
        "down": -1.000178827231565,
        "left": -1.1084298552660714,
        "right": -1.2319407132075912
    },
    "46": {
        "up": -2.8405271370859593,
        "down": -2.586237643792958,
        "left": -2.740936597200421,
        "right": -1.3560136128450713
    },
    "47": {
        "up": -1.688513504981636,
        "down": -2.366120090630594,
        "left": -2.285345224196363,
        "right": -2.09761360110977
    },
    "48": {
        "up": -1.634919292918469,
        "down": -1.3519663455461626,
        "left": -2.5215776626678648,
        "right": -1.2334475093608825
    },